Category;Type;Name;Bonus
Armor Sets;Set;Alberich;Thorn
Armor Sets;Set;Albinauric;
Armor Sets;Set;All-Knowing;
Armor Sets;Set;Aristocrat;
Armor Sets;Set;Astrologer;
Armor Sets;Set;Azur's Glintstone;Glintstone
Armor Sets;Set;Bandit;
Armor Sets;Set;Banished Knight;
Armor Sets;Set;Battlemage;
Armor Sets;Set;Beast Champion;
Armor Sets;Set;Black Knife;
Armor Sets;Set;Blackflame Monk;
Armor Sets;Set;Blaidd;
Armor Sets;Set;Bloodhound Knight;
Armor Sets;Set;Bloodsoaked;
Armor Sets;Set;Blue Cloth;
Armor Sets;Set;Blue Festive;
Armor Sets;Set;Blue Silver;
Armor Sets;Set;Briar;
Armor Sets;Set;Bull-Goat;
Armor Sets;Set;Carian Knight;
Armor Sets;Set;Chain;
Armor Sets;Set;Champion;
Armor Sets;Set;Cleanrot;
Armor Sets;Set;Commoner;
Armor Sets;Set;Confessor;
Armor Sets;Set;Consort;
Armor Sets;Set;Crucible Axe;Erdtree
Armor Sets;Set;Crucible Tree;Erdtree
Armor Sets;Set;Cukoo Knight;
Armor Sets;Set;Depraved Perfumer;
Armor Sets;Set;Drake Knight;
Armor Sets;Set;Duelist;
Armor Sets;Set;Eccentric;
Armor Sets;Set;Elden Lord;
Armor Sets;Set;Errant Sorcerer;
Armor Sets;Set;Exile;
Armor Sets;Set;Festive;
Armor Sets;Set;Fia;
Armor Sets;Set;Finger Maiden;
Armor Sets;Set;Fingerprint;
Armor Sets;Set;Fire Monk;
Armor Sets;Set;Fire Prelate;
Armor Sets;Set;Fur;
Armor Sets;Set;Gelmir Knight;
Armor Sets;Set;General Radahn;
Armor Sets;Set;Godrick Foot Soldier;
Armor Sets;Set;Godrick Knight;
Armor Sets;Set;Godrick Soldier;
Armor Sets;Set;Godskin Apostle;
Armor Sets;Set;Godskin Noble;Black Flame
Armor Sets;Set;Goldmask;
Armor Sets;Set;Guardian;
Armor Sets;Set;Guilty;
Armor Sets;Set;Haligtree Foot Soldier;
Armor Sets;Set;Haligtree Knight;
Armor Sets;Set;Haligtree Soldier;
Armor Sets;Set;High Page;
Armor Sets;Set;Highwayman;
Armor Sets;Set;Hoslow;
Armor Sets;Set;House Marais;
Armor Sets;Set;Iron;
Armor Sets;Set;Juvenile Scholar;
Armor Sets;Set;Kaiden;
Armor Sets;Set;Knight;
Armor Sets;Set;Land of Reeds;
Armor Sets;Set;Lazuli Sorcerer;
Armor Sets;Set;Leather;
Armor Sets;Set;Leyndell Foot Soldier;
Armor Sets;Set;Leyndell Knight;
Armor Sets;Set;Leyndell Soldier;
Armor Sets;Set;Lionel;
Armor Sets;Set;Lusat;Glintstone
Armor Sets;Set;Malenia;
Armor Sets;Set;Malformed Dragon;
Armor Sets;Set;Maliketh;
Armor Sets;Set;Marionette Soldier;
Armor Sets;Set;Mausoleum Foot Soldier;
Armor Sets;Set;Mausoleum Knight;
Armor Sets;Set;Mausoleum Soldier;
Armor Sets;Set;Mushroom;Servants of Rot
Armor Sets;Set;Night Maiden;
Armor Sets;Set;Night's Cavalry;
Armor Sets;Set;Noble;
Armor Sets;Set;Nomadic Merchant;
Armor Sets;Set;Nox Monk;
Armor Sets;Set;Nox Swodstress;
Armor Sets;Set;Old Aristocrat;
Armor Sets;Set;Omen;
Armor Sets;Set;Omenkiller;
Armor Sets;Set;Page;
Armor Sets;Set;Perfumer;
Armor Sets;Set;Perfumer Traveler;
Armor Sets;Set;Preceptor;
Armor Sets;Set;Prisoner;
Armor Sets;Set;Prophet;
Armor Sets;Set;Queen of the Full Moon;
Armor Sets;Set;Radahn Foot Soldier;
Armor Sets;Set;Radahn Soldier;
Armor Sets;Set;Raging Wolf;
Armor Sets;Set;Raptor;
Armor Sets;Set;Raya Lucarian Foot Soldier;
Armor Sets;Set;Raya Lucarian Soldier;
Armor Sets;Set;Raya Lucarian Sorcerer;
Armor Sets;Set;Redmane Knight;
Armor Sets;Set;Ronin;
Armor Sets;Set;Rotten Duelist;
Armor Sets;Set;Royal Knight;
Armor Sets;Set;Royal Remains;
Armor Sets;Set;Ruler;
Armor Sets;Set;Sage;
Armor Sets;Set;Sanguine Noble;
Armor Sets;Set;Scaled;
Armor Sets;Set;Shaman;
Armor Sets;Set;Snow Witch;Cold
Armor Sets;Set;Spellblade;
Armor Sets;Set;Traveler;
Armor Sets;Set;Traveling Maiden;
Armor Sets;Set;Tree Sentinel;
Armor Sets;Set;Twinned;
Armor Sets;Set;Vagabond Knight;
Armor Sets;Set;Veteran;
Armor Sets;Set;Vulgar Militia;
Armor Sets;Set;War Surgeon;Blood
Armor Sets;Set;White Reed;
Armor Sets;Set;Zamor;
Armor Sets;Set;Ansbach;
Armor Sets;Set;Ascetic;
Armor Sets;Set;Black Knight;
Armor Sets;Set;Common Soldier;
Armor Sets;Set;Dancer;
Armor Sets;Set;Dane;
Armor Sets;Set;Death Knight;Dragon Cult
Armor Sets;Set;Divine Beast;Spiral
Armor Sets;Set;Divine Bird;Spiral
Armor Sets;Set;Fire Knight;Messmer's Flame
Armor Sets;Set;Freyja;
Armor Sets;Set;Gaius;
Armor Sets;Set;Gravebird;Death
Armor Sets;Set;High Priest;Finger
Armor Sets;Set;Horned Warrior;
Armor Sets;Set;Hornsent;
Armor Sets;Set;Igon;
Armor Sets;Set;Iron Rivet;
Armor Sets;Set;Highland Warrior;
Armor Sets;Set;Messmer Soldier;
Armor Sets;Set;Messmer;Messmer's Flame
Armor Sets;Set;Night;
Armor Sets;Set;Oathkeeper Knight;
Armor Sets;Set;Rakshasa;
Armor Sets;Set;Rellana;
Armor Sets;Set;Shadow Militiaman;
Armor Sets;Set;Solitude;
Armor Sets;Set;Thiollier;
Armor Sets;Set;Verdigris;
Armor Sets;Set;Young Lion;
Armor Sets;Set;Rock Heart;Dragon Communion
Armor Sets;Set;Priestess Heart;Dragon Cult
Armor Sets;Set;Lamenter's Mask;
Armor Pieces;Helms;Pelt of Ralva;Spiral
Armor Pieces;Helms;Death Mask Helm;
Armor Pieces;Helms;Winged Serpent Helm;
Armor Pieces;Helms;Salza's Hood;
Armor Pieces;Helms;Leather Crown;
Armor Pieces;Helms;Circlet of Light;Miquellan
Armor Pieces;Helms;Divine Beast Head;
Armor Pieces;Helms;St.Trina's Blossom;
Armor Pieces;Helms;Crucible Hammer-Helm;Erdtree
Armor Pieces;Helms;Greatjar;
Armor Pieces;Helms;Imp Head (Lion);
Armor Pieces;Helms;Aristocrat Hat;
Armor Pieces;Helms;Ash-of-War Scarab;
Armor Pieces;Helms;Black Dumpling;Frenzied Flame
Armor Pieces;Helms;Blackguard's Iron Mask;
Armor Pieces;Helms;Cerulean Tear Scarab;
Armor Pieces;Helms;Navy Hood;
Armor Pieces;Helms;Crimson Tear Scarab;
Armor Pieces;Helms;Diallo's Mask;
Armor Pieces;Helms;Envoy Crown;
Armor Pieces;Helms;Glintstone Scarab;
Armor Pieces;Helms;Greathelm;
Armor Pieces;Helms;Greathood;
Armor Pieces;Helms;Iji's Mirrorhelm;
Armor Pieces;Helms;Imp Head (Cat);
Armor Pieces;Helms;Imp Head (Corpse);
Armor Pieces;Helms;Imp Head (Elder);
Armor Pieces;Helms;Imp Head (Fanged);
Armor Pieces;Helms;Imp Head (Long-Tongued);
Armor Pieces;Helms;Imp Head (Wolf);
Armor Pieces;Helms;Incantation Scarab;
Armor Pieces;Helms;Jar;
Armor Pieces;Helms;Karolos Glintstone Crown;
Armor Pieces;Helms;Twinsage Glintstone Crown;
Armor Pieces;Helms;Olivinus Glintstone Crown;
Armor Pieces;Helms;Marionette Soldier Birdhelm;
Armor Pieces;Helms;Mask of Confidence;
Armor Pieces;Helms;Mushroom Head;
Armor Pieces;Helms;Nox Mirrorhelm;
Armor Pieces;Helms;Octopus Head;
Armor Pieces;Helms;Pumpkin Helm;
Armor Pieces;Helms;Silver Tear Mask;
Armor Pieces;Chests Armor;Leda's Armor;
Armor Pieces;Chests Armor;High Priest Robe;
Armor Pieces;Chests Armor;Highland Attire;
Armor Pieces;Chests Armor;Aristocrat Coat;
Armor Pieces;Chests Armor;Deathbed Dress;
Armor Pieces;Chests Armor;Fell Omen Cloak;
Armor Pieces;Chests Armor;Lord of Blood's Robe;
Armor Pieces;Chests Armor;Upper-Class Robe;
Armor Pieces;Chests Armor;Corhyn's Robe;
Armor Pieces;Chests Armor;Guardian Garb;
Armor Pieces;Chests Armor;Tree Surcoat;
Armor Pieces;Chests Armor;Eye Surcoat;
Armor Pieces;Chests Armor;Commoner's Simple Garb;
